"id","isactive","featured","carousel","title","subtitle","carousel_text","carousel_subtext","details","pub_date","url_home","url","wowio","wevolt","drunkduck","syndicate","tags","slug","thumbnail","duration","director","producer"
"43","1","0","1","#MAKECOMICS - Filip Sablik - The Process","#MAKECOMICS - Filip Sablik - The Process","","","<p>New series #makecomics with Filip Sablik, Publisher at Top Cow Comics. He talks the ""Process"" of making a comic at Top Cow.<br /> <br /> We tell you how to #makecomics</p>","04/20/2011 09:52:35","<p><iframe src=""http://blip.tv/play/hrc7grWPdgA.html"" width=""640"" height=""392"" frameborder=""0""></iframe><embed style=""display: none;"" type=""application/x-shockwave-flash"" src=""http://a.blip.tv/api.swf#hrc7grWPdgA""></embed></p>","<p><iframe src=""http://blip.tv/play/hrc7grWPdgA.html"" width=""640"" height=""392"" frameborder=""0""></iframe><embed style=""display: none;"" type=""application/x-shockwave-flash"" src=""http://a.blip.tv/api.swf#hrc7grWPdgA""></embed></p>","0","0","0","0","comic, book, publishing, filip, sablick, makecomics, top, cow, comics, pop, galaxy, how, to, make, comics, witchblade, the darkness, artifacts, 7 days from hell, pilot season, crosshair, aphrodite 9","makecomics-filip-sablik-process","thumbs/make_fs2.png","2:30","","Pop Galaxy"
"2","1","0","0","Creator Profile: Jimmy Palmiotti","Tick-tick-tick-BOOM!","Jimmy Palmiotti","Interview","<p>Writer/ Artist and all-around good-fella, Jimmy Palmiotti gives Pop Galaxy&rsquo;s Matt West exclusive insight into his edgy, time-traveling action series for Radical Comics, &ldquo;Time Bomb!&rdquo;</p>","11/01/2010 10:00:00","<p><embed type=""application/x-shockwave-flash"" width=""640"" height=""392"" src=""http://blip.tv/play/hrc7gpqTaAA%2Em4v"" allowscriptaccess=""always"" allowfullscreen=""true""></embed></p>","<p><embed type=""application/x-shockwave-flash"" width=""640"" height=""392"" src=""http://blip.tv/play/hrc7gpqTaAA%2Em4v"" allowscriptaccess=""always"" allowfullscreen=""true""></embed></p>","1","0","0","1","wowio, radical comics, jimmy palmiotti, time bomb, jonah hex, power girl, joe quesada, pop galaxy, comics, writer, justin gray","creator-profile-jimmy-palmiotti","thumbs/Palmiotti_Final_2.jpg","3:06","",""
"3","1","0","0","Creator Profile: Ron Marz","Behind the scenes of ""Artifacts!""","Ron Marz","","<p>The man, the myth, the Marz&hellip; as in superstar writer, Ron Marz. Pop Galaxy checks in with Top Cow&rsquo;s top gun to learn the secrets of their universe-spanning event &ldquo;Artifacts!&rdquo;</p>","10/29/2010 10:00:00","<p><embed type=""application/x-shockwave-flash"" width=""640"" height=""392"" src=""http://blip.tv/play/hrc7gpqTJwA%2Em4v"" allowscriptaccess=""always"" allowfullscreen=""true""></embed></p>","<p><embed type=""application/x-shockwave-flash"" width=""640"" height=""392"" src=""http://blip.tv/play/hrc7gpqTJwA%2Em4v"" allowscriptaccess=""always"" allowfullscreen=""true""></embed></p>","1","0","0","1","wowio, comics, top cow, ron marz, artifacts, witchblade, darkness, angelus","creator-profile-ron-marz","thumbs/TopCow_RON_MARZ_FINAL_2.jpg","1:56","",""
"4","1","0","0","Creator Profile: Bryan Hill & Rob Levin","The secrets of ""Pandora's Box!""","Broken Trinity","Interview","<p class=""MsoNormal"">As the mystery of Top Cow&rsquo;s &ldquo;Artifacts&rdquo; continues to unravel, Pop Galaxy delves into the story that set the stage for the mega-crossover 5 years in the making.&nbsp; Co-writers Bryan Hill and Rob Levin give Pop Galaxy the word on the graphic novel collection of their landmark series, &ldquo;Broken Trinity: Pandora&rsquo;s Box!&rdquo;</p>
<p>&nbsp;</p>","11/01/2010 00:00:00","<p><embed type=""application/x-shockwave-flash"" width=""640"" height=""392"" src=""http://blip.tv/play/hrc7gpqaAgA%2Em4v"" allowscriptaccess=""always"" allowfullscreen=""true""></embed></p>","<p><embed type=""application/x-shockwave-flash"" width=""640"" height=""392"" src=""http://blip.tv/play/hrc7gpqaAgA%2Em4v"" allowscriptaccess=""always"" allowfullscreen=""true""></embed></p>","1","0","0","1","wowio, comics, top cow, broken trinity, witchblade, angelus, darkness, ","creator-profile-bryan-hill-rob-levin","thumbs/TopCow_Brian_and_Rob_FINAL_2.jpg","2:04","",""
"5","1","0","0","Artist Profile: MC Front A Lot","Hot Nerdcore Action!","MC Front-A-Lot","Nerdcore","<p>The undisputed, heavyweight champ of nerdcore hip-hop, MC Front A Lot  raps with Pop Galaxy's Matt Kirsch about making music for a dedicated,  plugged-in fanboy fanbase.</p>","10/04/2010 00:00:00","<p><embed type=""application/x-shockwave-flash"" width=""640"" height=""392"" src=""http://blip.tv/play/hrc7gpqTCgA%2Em4v"" allowscriptaccess=""always"" allowfullscreen=""true""></embed></p>","<p><embed type=""application/x-shockwave-flash"" width=""640"" height=""392"" src=""http://blip.tv/play/hrc7gpqTCgA%2Em4v"" allowscriptaccess=""always"" allowfullscreen=""true""></embed></p>","0","0","0","1","wowio, comics, mc front-a-lot, hip-hop, matty kirsch, rap, music, nerdcore, comedy","artist-profile-MC-Front-A-Lot","thumbs/MC_Front_A_Lot.jpg","1:37","",""
"6","1","0","0","Creator Profile: Ralph Tedesco","Girls Girls Girls","Ralph Tedesco","Interview","<p>The man behind some of the hottest women in comics, Ralph Tedesco, gives  Pop Galaxy's Matt Kirsch more than a good look at the girls-girls-girls  of Zenescope Entertainment's Grimm Fairy Tales.</p>","10/04/2010 00:00:00","<p><embed type=""application/x-shockwave-flash"" width=""640"" height=""392"" src=""http://blip.tv/play/hrc7gpqaMwA%2Em4v"" allowfullscreen=""true"" allowscriptaccess=""always""></embed></p>
<p><img class=""BLUEKAI"" src=""http://tags.bluekai.com/site/2132"" alt="""" /></p>","<p><embed type=""application/x-shockwave-flash"" width=""640"" height=""392"" src=""http://blip.tv/play/hrc7gpqaMwA%2Em4v"" allowfullscreen=""true"" allowscriptaccess=""always""></embed></p>
<p><img class=""BLUEKAI"" src=""http://tags.bluekai.com/site/2132"" alt="""" /></p>","1","0","0","1","wowio, comics, ralph tedesco, zenescope entertainment, grimm fairy tales, hot girls, hot chicks, sexy","creator-profile-ralph-tedesco","thumbs/Zenescope_FINAL.jpg","2:12","",""
"7","1","0","0","Creator Profile: Eric Powell","The Goon!","Eric Powell","The Goon","<p>An indie comics legend, Eric Powell, connects with Pop Galaxy's Matty  Kirsch about the monster success of his creator owned ""Goon"" series --  and shows us what's new from his twisted imagination.</p>","10/04/2010 00:00:00","<p><embed type=""application/x-shockwave-flash"" width=""640"" height=""392"" src=""http://blip.tv/play/hrc7gpqUBgA%2Em4v"" allowscriptaccess=""always"" allowfullscreen=""true""></embed></p>","<p><embed type=""application/x-shockwave-flash"" width=""640"" height=""392"" src=""http://blip.tv/play/hrc7gpqUBgA%2Em4v"" allowscriptaccess=""always"" allowfullscreen=""true""></embed></p>","1","0","0","1","wowio, comics, the goon, billy the kid, dark horse, matty kirsch, pop galaxy","creator-profile-eric-powell","thumbs/TheGoon_FINAL.jpg","1:35","",""
"8","1","0","0","Pop Galaxy Exclusive: Cowboys and Aliens Trailer","Crucial Comics","Graphic Novel","WOWIO","<p>Check out this exclusive Cowboy and Aliens graphic novel trailer from Platinum Studios. Available for download now on WOWIO.com!</p>","11/23/2010 13:55:11","<p><embed type=""application/x-shockwave-flash"" width=""640"" height=""392"" src=""http://blip.tv/play/hrc7gpqUPQA%2Em4v"" allowscriptaccess=""always"" allowfullscreen=""true""></embed></p>
<p><img class=""BLUEKAI"" src=""http://tags.bluekai.com/site/2132"" alt="""" /></p>","<p><embed type=""application/x-shockwave-flash"" width=""640"" height=""392"" src=""http://blip.tv/play/hrc7gpqUPQA%2Em4v"" allowscriptaccess=""always"" allowfullscreen=""true""></embed></p>","0","0","0","1","cowboys and aliens, movie, blockbuster, platinum studios, comics, wowio, pop galaxy","pop-galaxy-exclusive-cowboys-and-aliens-trailer","thumbs/cowboysandalienslogowide.jpg","1:14","",""
"9","1","0","0","Hero By Night","A Pop Galaxy Exclusive","Hero By Night","","<p>Check out the exclusive trailer to Platinum Studios ""Hero By Night!"" Available for download on WOWIO.com!</p>","11/23/2010 14:05:58","<p><embed type=""application/x-shockwave-flash"" width=""640"" height=""392"" src=""http://blip.tv/play/hrc7gpqUeAA%2Em4v"" allowscriptaccess=""always"" allowfullscreen=""true""></embed></p>","<p><embed type=""application/x-shockwave-flash"" width=""640"" height=""392"" src=""http://blip.tv/play/hrc7gpqUeAA%2Em4v"" allowscriptaccess=""always"" allowfullscreen=""true""></embed></p>","0","0","0","0","pop galaxy, wowio, comics, platinum studios, hero by night, adventure, super heroes","hero-night","thumbs/hero-by-night-01-dj-coffman-300x225.jpg","1:41","",""
"10","1","0","0","Gun Play Trailer","A Pop Galaxy Exclusive","Crucial Comics","","<p>An exclusive motion-comics trailer for Platinum Studios' ""Gun Play."" Available for download now on WOWIO.com!</p>","11/23/2010 14:09:01","<p><embed type=""application/x-shockwave-flash"" width=""640"" height=""392"" src=""http://blip.tv/play/hrc7gov1YAA%2Em4v"" allowscriptaccess=""always"" allowfullscreen=""true""></embed></p>","<p><embed type=""application/x-shockwave-flash"" width=""580"" height=""392"" src=""http://blip.tv/play/hrc7gov1YAA%2Em4v"" allowscriptaccess=""always"" allowfullscreen=""true""></embed></p>","0","0","0","1","pop galaxy, wowio, comics, platinum studios, gun play, cowboys and aliens, adventure, super heroes","gun-play-trailer","thumbs/Gunplay.jpg","2:16","",""
"11","1","0","0","The Making of Tron Evolution","A Pop Galaxy Exclusive","Pop Games","","<p>A look behind the scenes of the making of the new ""Tron: Evolution"" video game!</p>","11/23/2010 14:16:31","<p><embed type=""application/x-shockwave-flash"" width=""640"" height=""392"" src=""http://blip.tv/play/hrc7gov5FQA%2Em4v"" allowscriptaccess=""always"" allowfullscreen=""true""></embed></p>","<p><embed type=""application/x-shockwave-flash"" width=""580"" height=""392"" src=""http://blip.tv/play/hrc7gov5FQA%2Em4v"" allowscriptaccess=""always"" allowfullscreen=""true""></embed></p>","0","0","0","1","tron legacy, evolutions, sega, disney, x, ps3, ","making-tron-evolution","thumbs/Tron-Evolution-Game-Poster.png","2:41","",""
"12","1","0","0","Storm and Ember","A Pop Galaxy Exclusive","Crucial Comics","","<p>Platinum Studios and WOWIO present the adventures of ""Storm and Ember!"" Read the graphic novel on WOWIO.com!</p>","11/23/2010 14:18:30","<p><embed type=""application/x-shockwave-flash"" width=""640"" height=""392"" src=""http://blip.tv/play/hrc7gov5AQA%2Em4v"" allowfullscreen=""true"" allowscriptaccess=""always""></embed></p>","<p><embed type=""application/x-shockwave-flash"" width=""580"" height=""392"" src=""http://blip.tv/play/hrc7gov5AQA%2Em4v"" allowfullscreen=""true"" allowscriptaccess=""always""></embed></p>","0","0","0","1","pop galaxy, wowio, comics, platinum studios, sidekicks, adventure, comedy, funny, super heroes, parody","storm-and-ember","thumbs/PopGalaxy-PopGalaxyExclusiveStormAndEmber496-303.jpg","6:07","",""
"13","1","0","0","Pop Books: Sudan","Check this Out!","","","<p>Author Art Ayris discusses the human tragedy behind his extraordinary novel, ""Sudan,"" WOWIO's December 2010 Book of The Month.</p>","12/01/2010 12:32:48","<p><embed type=""application/x-shockwave-flash"" width=""640"" height=""392"" src=""http://blip.tv/play/hrc7gpqVIAA%2Em4v"" allowscriptaccess=""always"" allowfullscreen=""true""></embed></p>","<p><embed type=""application/x-shockwave-flash"" width=""640"" height=""392"" src=""http://blip.tv/play/hrc7gpqVIAA%2Em4v"" allowscriptaccess=""always"" allowfullscreen=""true""></embed></p>","0","0","0","1","wowio, book of the month, ebooks, literacy, sudan, kingstone media, art ayris, george clooney, slavery, tragedy","pop-books-sudan","thumbs/Screen_shot_2010-12-01_at_11.08.52_AM_1.png","2:49","","Wowio Books"
"14","1","0","1","SheGeek Show - Nerd News.","SheGeek Show - Nerd News.","SheGeekShow - Epi 1.","","","12/20/2010 16:56:04","<p><embed type=""application/x-shockwave-flash"" width=""640"" height=""392"" src=""http://blip.tv/play/hrc7gpzITQA%2Em4v"" allowscriptaccess=""always"" allowfullscreen=""true""></embed></p>","<p><embed type=""application/x-shockwave-flash"" width=""640"" height=""392"" src=""http://blip.tv/play/hrc7gpzITQA%2Em4v"" allowscriptaccess=""always"" allowfullscreen=""true""></embed></p>","0","0","0","1","world of warcraft, wow, activision, tron legacy, disney, blizzard, activision, ea, marvel, ubisoft, respawn, flower, xbox live, psn, xbox 360","shegeek-show-nerd-news","thumbs/Screen_shot_2010-12-20_at_2.42.13_PM.png","3:16","Matty Kirsch","Studio W/Pop Galaxy"
"15","1","0","0","The SheGeek Show","Assassin Creed: Brotherhood Review","Watch this now!","","","12/28/2010 12:20:17","<p><embed type=""application/x-shockwave-flash"" width=""640"" height=""392"" src=""http://blip.tv/play/hrc7gpzIHgA%2Em4v"" allowscriptaccess=""always"" allowfullscreen=""true""></embed></p>","<p><embed type=""application/x-shockwave-flash"" width=""640"" height=""392"" src=""http://blip.tv/play/hrc7gpzIHgA%2Em4v"" allowscriptaccess=""always"" allowfullscreen=""true""></embed></p>","0","0","0","1","world of warcraft, wow, activision, tron legacy, disney, blizzard, activision, ea, marvel, ubisoft, respawn, flower, xbox live, psn, xbox 360, ass, ","shegeek-show-assassin-creed-brotherhood-review","thumbs/Screen_shot_2010-12-27_at_9.47.00_AM_1.png","2:30","","Pop Galaxy"
"16","1","0","0","She Geek Show - Replay Pack","Emerald City Comic Con","Emerald City Comic Con","","<p>Pop Galaxy presents the She Geek Show.<br /><br />Meet Kate, she loves video games.<br /><br />Trying to cram everything that happened at ECCC into just a few minutes proves almost impossible. <br /><br />Kate Beaton: http://harkavagrant.com<br /><br />The Uniques: http://www.uniquescomic.com/</p>","01/26/2011 11:38:18","<p><embed type=""application/x-shockwave-flash"" width=""640"" height=""392"" src=""http://blip.tv/play/hrc7gp%2BOeQA%2Em4v"" allowscriptaccess=""always"" allowfullscreen=""true""></embed></p>","<p><embed type=""application/x-shockwave-flash"" width=""640"" height=""392"" src=""http://blip.tv/play/hrc7gp%2BOeQA%2Em4v"" allowscriptaccess=""always"" allowfullscreen=""true""></embed></p>","0","0","0","0","pop galaxy popgalaxy shegeekshow she geek show comics gaming nerd entertainment comiccon eccc bsg battlestar galactica lou ferrigno leonard nimoy kate beaton uniques","she-geek-show-emerald-city-comic-con-repack","thumbs/sgrepackthumb1.jpg","5:19","","Pop Galaxy"
"17","1","0","0","She Geek Show: Replay Pack 2","Red Dead Redemption and GameCrush","She Geek Show","Replay Pack 2","<p>Pop Galaxy presents the She Geek Show. <br /><br />Meet Kate, she loves video games.<br /><br />An almost totally uninformative preview of Red Dead Redemption, and an incredulous perspective on GameCrush.com. What do you think? Would you pay to play video games with a (physiological approximation of a) GIRL?! Red Dead Redemption: http://www.rockstargames.com/reddeadredemption/ Kotaku Gamecrush article: http://kotaku.com/5499552/would-you-pay-women-to-play-xbox-games-with-you/ Gamecrush: http://gamecrush.com</p>","01/27/2011 13:32:59","<p><embed type=""application/x-shockwave-flash"" width=""640"" height=""392"" src=""http://blip.tv/play/hrc7gp%2B2AgA%2Em4v"" allowscriptaccess=""always"" allowfullscreen=""true""></embed></p>","<p><embed type=""application/x-shockwave-flash"" width=""640"" height=""392"" src=""http://blip.tv/play/hrc7gp%2B2AgA%2Em4v"" allowscriptaccess=""always"" allowfullscreen=""true""></embed></p>","0","0","0","0","","she-geek-show-replay-pack-2","thumbs/sg_2_thumb.png","4:15","","Pop Galaxy"
"18","1","0","0","She Geek Show: Jetpacks - Replay Pack","She Geek Show: Jetpacks - Replay Pack","","","<p>Re-release of the March 30, 2010 episode, New Episodes start February 1, 2011!!!<br /><br />Pop Galaxy presents the She Geek Show. <br /><br />Meet Kate, she loves video games.<br /><br />My favorite invention: the jetpack. Jetpack haters BEGONE. Contest ended Monday (4/5/2010) at 11:59pm PST! <br /><br />Martin Jetpacks: http://www.martinjetpack.com/<br /><br />--- <br />Subscribe: http://youtube.com/shegeekshow<br />Follow me on twitter: http://twitter.com/shegeekshow</p>","01/28/2011 10:52:11","<p><embed type=""application/x-shockwave-flash"" width=""640"" height=""392"" src=""http://blip.tv/play/hrc7gp_RcAA%2Em4v"" allowscriptaccess=""always"" allowfullscreen=""true""></embed></p>","<p><embed type=""application/x-shockwave-flash"" width=""640"" height=""392"" src=""http://blip.tv/play/hrc7gp_RcAA%2Em4v"" allowscriptaccess=""always"" allowfullscreen=""true""></embed></p>","0","0","0","0","gaming nerd geek entertainment pax east jetpacks rocketeer giveaway free stuff jet pack pop galaxy she show shegeekshow","she-geek-show-jetpacks-replay-pack","thumbs/sgrepackthumb1_1.jpg","4:21","","Pop Galaxy"
"19","1","0","0","She Geek Show - Replay Pack","iPad for Geeks, & Iron Man / Prince of Persia","","","<p>Re-release of the April 7, 2010 episode, New Episodes start February 1,  2011!!! Pop Galaxy presents the She Geek Show! Meet Kate. She loves  video games. The iPad isn't really FOR us. But here's why I think it  could be, down the road. Also, let's talk about movies, ya nerds.</p>","01/31/2011 11:02:36","<p><embed type=""application/x-shockwave-flash"" width=""640"" height=""392"" src=""http://blip.tv/play/hrc7gqCkSwA%2Em4v"" allowscriptaccess=""always"" allowfullscreen=""true""></embed></p>","<p><embed type=""application/x-shockwave-flash"" width=""640"" height=""392"" src=""http://blip.tv/play/hrc7gqCkSwA%2Em4v"" allowscriptaccess=""always"" allowfullscreen=""true""></embed></p>","0","0","0","0","she, geek, show, 2, replay, pack, pop, galaxy, gaming, nerd, geek, entertainment, apple, ipad, iron, man, prince, of, persia","she-geek-show-ipad-geeks-iron-man-prince-persia-re","thumbs/replay4thumb.png","4:36","","Pop Galaxy"
"20","1","0","1","She Geek Show","DC Universe Online - PSP2","DC Universe Online - PSP2","","<p>Brand new episode!<br /><br />PopGalaxy.com presents the She Geek Show.<br /><br />Meet Kate, she loves video games.<br /><br />In this pilot for PopGalaxy.com, Kate gives us her take on DC Universe Online for PC and PS3 players, and covers the PSP2 announcement!<br /><br />Follow Kate on Twitter.com/SheGeekShow <br />Like her on Facebook.com/SheGeekShow</p>","02/01/2011 09:45:56","<p><embed type=""application/x-shockwave-flash"" width=""640"" height=""392"" src=""http://blip.tv/play/hrc7gqDHfgA%2Em4v"" allowscriptaccess=""always"" allowfullscreen=""true""></embed></p>","<p><embed type=""application/x-shockwave-flash"" width=""640"" height=""392"" src=""http://blip.tv/play/hrc7gqDHfgA%2Em4v"" allowscriptaccess=""always"" allowfullscreen=""true""></embed></p>","0","0","0","0","she geek show kate psp2 dc universe online pop galaxy video game girl gamer video games ","she-geek-show","thumbs/sgpilotthumb.png","5:21","","Pop Galaxy"
"21","1","0","0","She Geek Show - Replay Pack 5","5 Sexiest Aliens of All Time - Replay Pack","","","<p>Re-release of the April 14, 2010 episode.</p>
<p>Pop Galaxy presents the She  Geek Show.</p>
<p>Meet Kate, she loves video games.</p>
<p>My top 5 sexiest aliens.  Who's in your list? Also, what do you think of the newly-appointed Joss  Whedon directing the Avengers movie?</p>","02/02/2011 15:11:47","<p><embed type=""application/x-shockwave-flash"" width=""640"" height=""392"" src=""http://blip.tv/play/hrc7gqDzZAA%2Em4v"" allowscriptaccess=""always"" allowfullscreen=""true""></embed></p>","<p><embed type=""application/x-shockwave-flash"" width=""640"" height=""392"" src=""http://blip.tv/play/hrc7gqDzZAA%2Em4v"" allowscriptaccess=""always"" allowfullscreen=""true""></embed></p>","0","0","0","0","gaming, nerd, geek, entertainment, sexy, aliens, joss, whedon, avengers, sexy, aliens, pop, galaxy, she, geek, show, the, replay, pack","she-geek-show-replay-pack-5","thumbs/replay4.jpg","4:51","","Pop Galaxy"
"22","1","0","0","She Geek Show - Episode 2","Batman Arkham City - Crysis 2 - Bulletstorm","Batman Arkham City","","<p>Pop Galaxy presents the She Geek Show.<br /><br />Meet Kate, she loves video games!<br /><br />She  Geek gives us a look back at all the games leading up to the highly  anticipated ""Batman: Arkham City"" and also gives us a peek at Crysis 2  and Bulletstorm.<br /><br />Follow Kate on Twitter.com/shegeekshow and Facebook.com/shegeekshow</p>","02/08/2011 09:53:25","<p><embed type=""application/x-shockwave-flash"" width=""640"" height=""392"" src=""http://blip.tv/play/hrc7gqKuFQA%2Em4v"" allowscriptaccess=""always"" allowfullscreen=""true""></embed></p>","<p><embed type=""application/x-shockwave-flash"" width=""640"" height=""392"" src=""http://blip.tv/play/hrc7gqKuFQA%2Em4v"" allowscriptaccess=""always"" allowfullscreen=""true""></embed></p>","0","0","0","0","batman arkham city asylum bulletstorm crysis and robin kate she geek show pop galaxy wonder woman water shegeekshow popgalaxy wowio vengeance returns forever michael keaton bestjokerever mark hamill","she-geek-show-episode-2","thumbs/batmanthumbsg.jpg","6:25","","Pop Galaxy"
"23","1","0","1","She Geek Show - Episode 3","5 Most Anticipated Indie Games of 2011","5 Indie Games!","","<p>Pop Galaxy presents... The She Geek Show<br /><br />Meet Kate, she loves video games!<br /><br />She Geek tells us what 5 indie games we should be buying this year!<br /><br />Check out the STACKING REVIEW on POPGALAXY!<br /><a class=""yt-uix-redirect-link"" title=""http://popgalaxy.com/blog/2011/feb/15/pop-games-stacking/"" dir=""ltr"" rel=""nofollow"" href=""../../../../blog/2011/feb/15/pop-games-stacking/"" target=""_blank"">http://popgalaxy.com/blog/2011/feb/15...</a><br /><br />Follow Kate on Twitter.com/SheGeekShow<br />and Like her on Facebook.com/SheGeekShow</p>","02/15/2011 10:13:31","<p><embed type=""application/x-shockwave-flash"" width=""640"" height=""392"" src=""http://blip.tv/play/hrc7gqSgZAA%2Em4v"" allowfullscreen=""true"" allowscriptaccess=""always""></embed></p>","<p><embed type=""application/x-shockwave-flash"" width=""640"" height=""392"" src=""http://blip.tv/play/hrc7gqSgZAA%2Em4v"" allowfullscreen=""true"" allowscriptaccess=""always""></embed></p>","0","0","0","0","journey she geek show kate pop galaxy stacker monaco pocketwatch games spy party chris hecker the witness johnathon blow thatgamecompany double fine","she-geek-show-episode-3","thumbs/ep3thumb.jpg","4:33","","Pop Galaxy"
"24","1","0","0","She Geek Show Episode 4","The 5 Most Anticipated Games of 2011","","","<p>Pop Galaxy presents... The She Geek Show</p>
<p><br />Meet Kate, she loves video games!</p>
<p><br />She Geek tells us what her 5 most anticipated games are this year!</p>
<p><br />Check out her MARVEL VS. CAPCOM 3 REVIEW on POPGALAXY<br /><a href=""../../../../blog/2011/feb/22/pop-games-marvel-vs-capcom-3/"" target=""_blank"">http://popgalaxy.com/blog/2011/feb/22/pop-games-marvel-vs-capcom-3/</a></p>
<p>Follow Kate on http://twitter.com/SheGeekShow<br />and Like her on http://facebook.com/SheGeekShow</p>","02/22/2011 08:48:15","<p><embed type=""application/x-shockwave-flash"" width=""640"" height=""392"" src=""http://blip.tv/play/hrc7gqaJSAA%2Em4v"" allowscriptaccess=""always"" allowfullscreen=""true""></embed></p>","<p><embed type=""application/x-shockwave-flash"" width=""640"" height=""392"" src=""http://blip.tv/play/hrc7gqaJSAA%2Em4v"" allowscriptaccess=""always"" allowfullscreen=""true""></embed></p>","0","0","0","0","batman arkham city mass effect ilovebatman la noire kate pop galaxy she geek show shegeekshow portal elder scrolls skyrim rockstar games warner bros edios rocksteady studios girlgamer girl gamer andy dugan welch most anticipated for xbox playstation ps3","she-geek-show-episode-4","thumbs/shegeek4.jpg","5:14","","Pop Galaxy"
"25","1","0","1","#makecomics - Filip Sablik - Episode 1","Filip Sablik","","","<p>#makecomics</p>
<p>Do you want to make comics? This show tells you how! brought to you by Pop Galaxy and Top Cow Comics.</p>","02/23/2011 08:50:29","<p><embed type=""application/x-shockwave-flash"" width=""640"" height=""392"" src=""http://blip.tv/play/hrc7gqaVPgA%2Em4v"" allowscriptaccess=""always"" allowfullscreen=""true""></embed></p>","<p><embed type=""application/x-shockwave-flash"" width=""640"" height=""392"" src=""http://blip.tv/play/hrc7gqaVPgA%2Em4v"" allowscriptaccess=""always"" allowfullscreen=""true""></embed></p>","0","0","0","0","makecomics filip sablik top cow comics make comics how to publish marvel dc flash firefly witchblade popgalaxy","makecomics-episode-1","thumbs/makecomicsthumb_1.png","2:05","Andy Dugan","Pop Galaxy / Top Cow Productions"
"26","1","0","0","She Geek Show: Why I Quit World of Warcraft","Why I Quit World of Warcraft","","","<p>Pop Galaxy presents... The She Geek Show<br /><br />Meet Kate, she loves video games!<br /><br />She Geek tells us why she has ""quit"" World of Warcraft, her thoughts on We Dare, and a link out to What to Expect from GDC 2011.<br /><br />Check out her What to Expect from GDC 2011 blog on POPGALAXY!<br />http://popgalaxy.com/blog/2011/mar/01/pop-games-what-expect-gdc-2011/<br /><br />Follow Kate on http://twitter.com/SheGeekShow<br />and Like her on http://facebook.com/SheGeekShow</p>","03/01/2011 10:58:02","<p><embed type=""application/x-shockwave-flash"" width=""640"" height=""392"" src=""http://blip.tv/play/hrc7gqfvaAA%2Em4v"" allowscriptaccess=""always"" allowfullscreen=""true""></embed></p>","<p><embed type=""application/x-shockwave-flash"" width=""640"" height=""392"" src=""http://blip.tv/play/hrc7gqfvaAA%2Em4v"" allowscriptaccess=""always"" allowfullscreen=""true""></embed></p>","0","0","0","0","""world of warcraft"" cataclysm ""video games"" nerd geek entertainment goblins worgen wow expansion shegeek MMORPGs pop galaxy wii dare we ubisoft What to Expect from GDC 2011","she-geek-show-why-i-quit-world-warcraft-wow","thumbs/shegeekshowthumb5.png","6:08","","Pop Galaxy"
"27","1","0","0","#makecomics - Tom Pinchuk","Episode 2","","","<p>New series #makecomics episode 2 with Tom Pinchuk, Writer for Alterna Comics, Archaia Comics, and Arcana Studio.<br /> <br /> We tell you how to #makecomics<br /> <br /> Check out more at http://www.popgalaxy.com<br /> <br /> Tom Pinchuk has lived in Singapore, upstate New York, Chicago and,  currently, Los Angeles. He's written HYBRID BASTARDS! for Archaia with  artist Kate Glasheen, RUIN for Alterna Comics with Mike Gallagher and  ""What I Am"" in ALTERNA TALES #1 with artist Kurt Belcher.</p>","03/02/2011 08:54:24","<p><embed type=""application/x-shockwave-flash"" width=""640"" height=""392"" src=""http://blip.tv/play/hrc7gqf%2BBQA%2Em4v"" allowscriptaccess=""always"" allowfullscreen=""true""></embed></p>","<p><embed type=""application/x-shockwave-flash"" width=""640"" height=""392"" src=""http://blip.tv/play/hrc7gqf%2BBQA%2Em4v"" allowscriptaccess=""always"" allowfullscreen=""true""></embed></p>","0","0","0","0","#makecomics, make, comics, pop, galaxy, archaia, comics, arcana, alterna, tom, pinchuk, top, cow, marvel, dc, hybrid, bastards, ruin, what, i, am, kurt, belcher, mike, gallagher, kate, glasheen, this, is, how, i, make, comics","makecomics-tom-pinchuk","thumbs/makecomicsthumb_2.png","2:36","Andy Dugan","Pop Galaxy"
"28","1","0","1","She Geek Show - Rift Review & ECCC","She Geek Show - Rift Review & ECCC","","","<p>Pop Galaxy presents... The She Geek Show<br /><br />Meet Kate, she loves video games!<br /><br />She Geek tells us her opinion on the new game RIFT, and checks us in at Emerald City Comic Con (1 year later).<br /><br />Check out her ""5 Games That Defined My Youth"" blog on POP GALAXY!<br /><a href=""../../../../blog/2011/mar/08/pop-games-5-games-defined-my-youth/"" target=""_blank"">http://popgalaxy.com/blog/2011/mar/08/pop-games-5-games-defined-my-youth/</a><br /><br />Follow Kate on <a href=""http://twitter.com/SheGeekShow"" target=""_blank"">http://twitter.com/SheGeekShow</a><br />and Like her on <a href=""http://facebook.com/SheGeekShow"" target=""_blank"">http://facebook.com/SheGeekShow</a></p>","03/08/2011 09:44:14","<p><embed type=""application/x-shockwave-flash"" width=""640"" height=""392"" src=""http://blip.tv/play/hrc7gqnVRAA%2Em4v"" allowscriptaccess=""always"" allowfullscreen=""true""></embed></p>","<p><embed type=""application/x-shockwave-flash"" width=""640"" height=""392"" src=""http://blip.tv/play/hrc7gqnVRAA%2Em4v"" allowscriptaccess=""always"" allowfullscreen=""true""></embed></p>","0","0","0","0","world of warcraft cataclysm video games nerd geek entertainment goblins worgen wow expansion shegeek MMORPGs pop galaxy RIFT Emerald City Comic Con She Geek Show Games that defined my youth","she-geek-show-rift-review-eccc","thumbs/shegeekthumb6.png","5:00","","Pop Galaxy"
"29","1","0","0","#makecomics - David Server & Jackson Lanzing","#makecomics - David Server & Jackson Lanzing - Ep 3","","","<p>New series #makecomics episode 3 with David Server &amp; Jackson Lanzing Writers for Ape Entertainment.<br /> <br /> We tell you how to #makecomics<br /> <br /> Check out more at http://www.popgalaxy.com</p>","03/09/2011 08:34:59","<p><embed type=""application/x-shockwave-flash"" width=""640"" height=""392"" src=""http://blip.tv/play/hrc7gqnlHAA%2Em4v"" allowscriptaccess=""always"" allowfullscreen=""true""></embed></p>","<p><embed type=""application/x-shockwave-flash"" width=""640"" height=""392"" src=""http://blip.tv/play/hrc7gqnlHAA%2Em4v"" allowscriptaccess=""always"" allowfullscreen=""true""></embed></p>","0","0","0","0","jackson, lanzing, david, server, #makecomics, make, comics, ape, entertainment, penguins, of, madagascar, freakshow, pop, galaxy, popgalaxy","makecomics-david-server-jackson-lanzing-ep-3","thumbs/make3thumb.png","2:10","","Pop Galaxy"
"30","1","0","1","She Geek Show - Dragon Age II","She Geek Show - Dragon Age II","","","<p>Pop Galaxy presents... The She Geek Show<br /><br />Meet Kate, she loves video games!<br /><br />She Geek gives us her review on Bioware's DRAGON AGE II.<br /><br />plus...<br />Crabcat's FemHawke: http://us.kotaku.com/#!5779535/the-best-mass-effect-2-cosplay-meets-the-best-dragon-age-ii-cosplay<br /><br />Crabcat twitter: http://twitter.com/@_crabcat_<br /><br />Check out Kate's blog post on PopGalaxy.com about Jumala! http://popgalaxy.com/blog/2011/mar/15/pop-games-indie-dev-spotlight-jumala/<br /><br />Follow Kate on http://twitter.com/SheGeekShow<br />and Like her on http://facebook.com/SheGeekShow<br />Kate's Blog on Pop Galaxy: http://www.popgalaxy.com/blog</p>","03/15/2011 08:28:01","<p><embed type=""application/x-shockwave-flash"" width=""640"" height=""392"" src=""http://blip.tv/play/hrc7gqugOQA%2Em4v"" allowscriptaccess=""always"" allowfullscreen=""true""></embed></p>","<p><embed type=""application/x-shockwave-flash"" width=""640"" height=""392"" src=""http://blip.tv/play/hrc7gqugOQA%2Em4v"" allowscriptaccess=""always"" allowfullscreen=""true""></embed></p>","0","0","0","0","dragon age ii bioware mass effect ps3 xbox 360 playstation she geek show kate shegeekshow pop galaxy popgalaxy dragonage2 dragonageii wow world of warcraft rift zelda crabcat cosplay femhawke hawke","she-geek-show-dragon-age-ii","thumbs/thumbshegeek.png","5:29","","Pop Galaxy"
"31","1","0","1","#makecomics - Jeff Katz - Episode 4","#makecomics - Jeff Katz - Episode 4","","","<p>New series #makecomics episode 4 with Jeff Katz, Writer for DC Comics,  Top Cow Comics, and Producer of Snakes on a Plane, Shoot Em' Up, and  X-Men Origins: Wolverine.<br /> <br /> We tell you how to #makecomics<br /> <br /> Check out more at http://www.popgalaxy.com</p>","03/16/2011 09:59:21","<p><embed type=""application/x-shockwave-flash"" width=""640"" height=""392"" src=""http://blip.tv/play/hrc7gqvIBwA"" allowscriptaccess=""always"" allowfullscreen=""true""></embed></p>","<p><embed type=""application/x-shockwave-flash"" width=""640"" height=""392"" src=""http://blip.tv/play/hrc7gqvIBwA"" allowscriptaccess=""always"" allowfullscreen=""true""></embed></p>","0","0","0","0","jeff katz, #makecomics, make comics, dc comics, top cow comics, snakes on a plane, shoot em up, wolverine, booster gold, how to make comics, crosshair","makecomics-jeff-katz-episode-3","thumbs/katzthumb.png","2:35","","Pop Galaxy"
"32","1","0","1","She Geek Show","Nintendo 3DS, Wonder Woman & The Rocketeer","","","<p>Pop Galaxy presents... The She Geek Show<br /> <br /> Meet Kate, she loves video games!<br /> <br /> She Geek gives us her thoughts on the upcoming release of the Nintendo  3DS, Wonder Woman's costume, and the new Rocketeer novels.<br /> <br /> Check out She Geek's blog post on PopGalaxy.com for her Nintendo 3DS buyer's guide! <br /><a href=""../../../../blog/2011/mar/22/pop-games-should-i-buy-nintendo-3ds/"" target=""_blank"">http://popgalaxy.com/blog/2011/mar/22/pop-games-should-i-buy-nintendo-3ds/</a><br /> <br /> Follow her on Twitter.com/SheGeekShow<br /> and Facebook.com/SheGeekShow</p>","03/22/2011 09:50:40","<p><embed type=""application/x-shockwave-flash"" width=""640"" height=""392"" src=""http://blip.tv/play/hrc7gq2QJwA"" allowscriptaccess=""always"" allowfullscreen=""true""></embed></p>","<p><embed type=""application/x-shockwave-flash"" width=""640"" height=""392"" src=""http://blip.tv/play/hrc7gq2QJwA"" allowscriptaccess=""always"" allowfullscreen=""true""></embed></p>","0","0","0","0","wonder woman, the rocketeer, nintendo 3ds, she geek show, shegeekshow, pop galaxy, popgalaxy, wonderwoman, idws new anthology mini series, 1dw, adventures, nes, bandai, tattoo","she-geek-show-nintendo-3ds-wonder-woman-rocketeer","thumbs/3.22-thumb-PG.jpg","4:43","","Pop Galaxy"
"33","1","0","1","Pop Comics: Fiction Clemens Trailer","Pop Comics: Fiction Clemens Trailer","","","<p>Falsely accused of stealing women from the jealous Tiberious Kitchens,  our hero Fiction Clemens stumbles into the thick of a cosmic conspiracy  to drag his Old West world into the Space Age. Equal parts Steampunk,  surrealist folktale, and dark western sci-fi comedy.<br /> <br /> Buy it now on <a href=""http://wowio.com/users/product.asp?BookId=241986"" target=""_blank"">www.wowio.com</a></p>","03/23/2011 10:34:07","<p><embed type=""application/x-shockwave-flash"" width=""640"" height=""392"" src=""http://blip.tv/play/hrc7gq22OQA"" allowscriptaccess=""always"" allowfullscreen=""true""></embed></p>","<p><embed type=""application/x-shockwave-flash"" width=""640"" height=""392"" src=""http://blip.tv/play/hrc7gq22OQA"" allowscriptaccess=""always"" allowfullscreen=""true""></embed></p>","0","0","0","0","fiction clemens, wowio, pop galaxy, e-books, steampunk, old west, comics, graphic novel, spacedog entertainment, spacedog, space, dog","pop-comics-fiction-clemens-trailer","thumbs/fictionclemens.png","1:35","","Pop Galaxy"
"34","1","0","1","#MAKECOMICS - Phil Smith","Managing Editor Top Cow Productions","","","<p>New series #MAKECOMICS - Phil Smith - Managing Editor Top Cow Productions.<br /> <br /> We tell you how to #makecomics<br /> <br /> Check out our weekly blog on http://www.popgalaxy.com</p>","03/23/2011 12:54:00","<p><embed type=""application/x-shockwave-flash"" width=""640"" height=""392"" src=""http://blip.tv/play/hrc7gq3NUAA"" allowscriptaccess=""always"" allowfullscreen=""true""></embed></p>","<p><embed type=""application/x-shockwave-flash"" width=""640"" height=""392"" src=""http://blip.tv/play/hrc7gq3NUAA"" allowscriptaccess=""always"" allowfullscreen=""true""></embed></p>","0","0","0","0","comic, book, publishing, phil, smith, filip, sablick, makecomics, top, cow, comics, pop, galaxy, how, to, make, books, reading, library, writing, john, painting, editing, managing, editor, gaming, howto","makecomics-phil-smith","thumbs/philsmith.png","2:06","","Pop Galaxy"
"35","1","0","0","Pop Film: Captain America","Captain America: The First Avenger","","","<p>Check out the first trailer for CAPTAIN AMERICA: THE FIRST AVENGER from Paramount Pictures and Marvel Studios!<br /> <br /> Get the latest info on Comics, Video Games, Music, Movies, and TV at <a>www.popgalaxy.com</a></p>","03/24/2011 10:59:24","<p><embed type=""application/x-shockwave-flash"" width=""640"" height=""392"" src=""http://blip.tv/play/hrc7gq3wZwA"" allowscriptaccess=""always"" allowfullscreen=""true""></embed></p>","<p><embed type=""application/x-shockwave-flash"" width=""640"" height=""392"" src=""http://blip.tv/play/hrc7gq3wZwA"" allowscriptaccess=""always"" allowfullscreen=""true""></embed></p>","0","0","0","0","captain america, the first avenger, pop galaxy, marvel studios, paramount pictures, video games, movies, tv, film, music, this is pop","pop-film-captain-america","thumbs/ca_thumb1.png","2:31","",""
"36","1","0","1","She Geek Show","The Old Republic","","","<p>Pop Galaxy presents... The She Geek Show<br /><br />Meet Kate, she loves video games!<br /><br />She Geek gives us her thoughts on the upcoming release of the Star Wars MMO, The Old Republic.<br /><br />Follow her on Twitter.com/SheGeekShow<br />and Facebook.com/SheGeekShow</p>","03/29/2011 09:07:31","<p><embed type=""application/x-shockwave-flash"" width=""640"" height=""392"" src=""http://blip.tv/play/hrc7gq75dgA"" allowscriptaccess=""always"" allowfullscreen=""true""></embed></p>","<p><embed type=""application/x-shockwave-flash"" width=""640"" height=""392"" src=""http://blip.tv/play/hrc7gq75dgA"" allowscriptaccess=""always"" allowfullscreen=""true""></embed></p>","0","0","0","0","star wars she geek show knights of the old republic obi wan kenobi pop galaxy popgalaxy shegeekshow kate anakin skywalker tie fighter x-wing stormtroopers gaming vlog video games gamer girl","she-geek-show-theoldrepublic","thumbs/3.29-thumb-PG.jpg","","",""
"37","1","0","1","#MAKECOMICS - Jason Badower","#MAKECOMICS - Jason Badower","","","<p>New series #MAKECOMICS - Jason Badower - Writer / Artist with Studio W.  Writer of True Blood, Heroes, Castle, Big Trouble In Little China, Kung  Fu Panda 2, and The Green Lantern.<br /> <br /> We tell you how to #makecomics<br /> <br /> Check out our weekly blog on http://www.popgalaxy.com</p>","03/30/2011 08:30:38","<p><embed type=""application/x-shockwave-flash"" width=""640"" height=""392"" src=""http://blip.tv/play/hrc7gq%2B3FAA"" allowscriptaccess=""always"" allowfullscreen=""true""></embed></p>","<p><embed type=""application/x-shockwave-flash"" width=""640"" height=""392"" src=""http://blip.tv/play/hrc7gq%2B3FAA"" allowscriptaccess=""always"" allowfullscreen=""true""></embed></p>","0","0","0","0","true blood, heroes, castle, big trouble in little china, kung fu panda 2, and the green lantern, jason badower, #makecomics, make comics, how to make comics, pop galaxy, studio w, dc, marvel, top cow","makecomics-jason-badower","thumbs/jb_make.png","","",""
"38","1","0","1","The Playlist - Episode 1","5 Best Basketball Themed Music Videos","","","<p>Brand new series: THE PLAYLIST from POP GALAXY! We give you a weekly dose of the 5 best music videos in different categories. <br /> <br /> Hosted by Bebe Booth.<br /> <br /> Welcome to THE PLAYLIST!<br /> <br /> In this episode, we cover the 5 best basketball themed music videos... after all, we are in the midst of March Madness!</p>","03/31/2011 11:18:44","<p><embed type=""application/x-shockwave-flash"" width=""640"" height=""392"" src=""http://blip.tv/play/hrc7gq_gVwA"" allowscriptaccess=""always"" allowfullscreen=""true""></embed></p>","<p><embed type=""application/x-shockwave-flash"" width=""640"" height=""392"" src=""http://blip.tv/play/hrc7gq_gVwA"" allowscriptaccess=""always"" allowfullscreen=""true""></embed></p>","0","0","0","0","bebe booth, the playlist, pop galaxy, andy dugan, shaq, michael jackson, jam, i know i got skillz, bell biv devoe, above the rim, master p, make em say ugh, kurtis blow, basketball, final four, ncaa, bracket, butler, vcu, kentucky, uconn","playlist-episode-1","thumbs/pilotthumb.png","3:48","","Pop Galaxy"
"39","1","0","1","She Geek Show - LA NOIRE","She Geek Show - LA NOIRE","","","<p>Pop Galaxy presents... The She Geek Show<br /> <br /> Meet Kate, she loves video games!<br /> <br /> She Geek takes us into the crime filled world of LA NOIRE from Rockstar Games! <br /> <br /> Check out the latest blog entry on Pop Galaxy!<br /> http://popgalaxy.com/blog/<br /> <br /> Follow her on http://Twitter.com/SheGeekShow<br /> and http://Facebook.com/SheGeekShow</p>","04/05/2011 10:04:38","<p><embed type=""application/x-shockwave-flash"" width=""640"" height=""392"" src=""http://blip.tv/play/hrc7grGHQgA"" allowscriptaccess=""always"" allowfullscreen=""true""></embed></p>","<p><embed type=""application/x-shockwave-flash"" width=""640"" height=""392"" src=""http://blip.tv/play/hrc7grGHQgA"" allowscriptaccess=""always"" allowfullscreen=""true""></embed></p>","0","0","0","0","she geek show, la noire, rockstar games, heavy rain, lanoire, shegeekshow, pop galaxy, popgalaxy, mad men, kevin cosgrove, aaron staton, video games, may 17, ps3, xbox 360, hudsucker proxy, the black dahlia, sony","she-geek-show-la-noire","thumbs/4.5-thumb-PG.jpg","4:30","","Pop Galaxy"
"40","1","0","1","Pop Comics: Helen Killer ","Andrew Kreisberg","","","<p>Pop Comics: Helen Killer with Andrew Kreisberg<br /> <br /> Co-Creator and Writer of Helen Killer Andrew Kreisberg talks the origins of his book.<br /> <br /> Buy it today on www.wowio.com/spacedog</p>","04/06/2011 10:57:54","<p><embed type=""application/x-shockwave-flash"" width=""640"" height=""392"" src=""http://blip.tv/play/hrc7grGxbwA"" allowscriptaccess=""always"" allowfullscreen=""true""></embed></p>","<p><embed type=""application/x-shockwave-flash"" width=""640"" height=""392"" src=""http://blip.tv/play/hrc7grGxbwA"" allowscriptaccess=""always"" allowfullscreen=""true""></embed></p>","0","0","0","0","helen, killer, andrew, kreisberg, spacedog, entertainment, pop, galaxy, wowio, helen, keller, tim, rice, arcana, comics","pop-comics-helen-killer","thumbs/helenthumb.png","1:28","",""
"41","1","0","1","She Geek Show - Superhero Games","Superhero Movie Video Games","","","<p>Pop Galaxy presents... The She Geek Show<br /><br />Meet Kate, she loves video games!<br /><br />She Geek talks superhero movie video games... and why they suck?!<br /><br />Check out the latest blog entry on Pop Galaxy!<br />http://popgalaxy.com/blog/<br /><br />Follow her on http://Twitter.com/SheGeekShow<br />and http://Facebook.com/SheGeekShow</p>","04/12/2011 10:15:03","<p><iframe src=""http://blip.tv/play/hrc7grLvRwA.html"" width=""640"" height=""392"" frameborder=""0""></iframe><embed style=""display: none;"" type=""application/x-shockwave-flash"" src=""http://a.blip.tv/api.swf#hrc7grLvRwA""></embed></p>","<p><iframe src=""http://blip.tv/play/hrc7grLvRwA.html"" width=""640"" height=""392"" frameborder=""0""></iframe><embed style=""display: none;"" type=""application/x-shockwave-flash"" src=""http://a.blip.tv/api.swf#hrc7grLvRwA""></embed></p>","0","0","0","0","she geek show captain america thor the incredible hulk superman batman arkham city asylum nintendo playstation star wars video games super soldier green lantern rise of the manhunters michael jackson the experience rio","she-geek-show-superhero-games","thumbs/4-12-thumb-PG.jpg","3:59","","Pop Galaxy"
"44","1","0","1","She Geek Show: A Song for Portal 2","She Geek Show: A Song for Portal 2","","","<p>Pop Galaxy presents... The She Geek Show<br /><br />Meet Kate, she loves video games!<br /><br />She Geek sings a song for you... about PORTAL 2?! You have to watch, and listen, it will change your life.<br /><br />Check out the latest blog entry on Pop Galaxy! A review of the highly anticipated MORTAL KOMBAT reboot!<br />http://popgalaxy.com/blog/2011/apr/26/pop-games-mortal-kombat/<br /><br />Follow me on http://Twitter.com/SheGeekShow<br />and http://Facebook.com/SheGeekShow</p>","04/26/2011 12:29:46","<p><iframe src=""http://blip.tv/play/hrc7grbSQAA.html"" width=""640"" height=""392"" frameborder=""0""></iframe><embed style=""display: none;"" type=""application/x-shockwave-flash"" src=""http://a.blip.tv/api.swf#hrc7grbSQAA""></embed></p>","<p><iframe src=""http://blip.tv/play/hrc7grbSQAA.html"" width=""640"" height=""392"" frameborder=""0""></iframe><embed style=""display: none;"" type=""application/x-shockwave-flash"" src=""http://a.blip.tv/api.swf#hrc7grbSQAA""></embed></p>","0","0","0","0","portal mortal kombat jk simmons co-op she geek show pop galaxy valve video games girl gamer fatality Stephen Merchant Wheatley GLaDOS repulsion gel tractor beams portals J.Jonah Jameson","she-geek-show-song-portal-2","thumbs/4.26.11-pg-thumb.jpg","5:28","","Pop Galaxy"
"45","1","0","1","She Geek Show: PSN is Still Down?!","She Geek Show: PSN is Still Down?!","","","<p>Pop Galaxy presents... The She Geek Show <br /> <br /> Meet Kate, she loves video games!<br /> <br /> The Playstation Network is STILL DOWN. Kate has some words of wisdom for you. Also, a BOOK recommendation! Remember books? <br /> <br /> Upload your PORTAL 2 cover songs here: <a rel=""nofollow"" href=""http://www.youtube.com/watch?v=WS5H3Hf1ons"" target=""_blank"">http://www.youtube.com/watch?v=WS5H3Hf1ons</a> <br /> <br /> Ready Player One on Amazon: <a rel=""nofollow"" href=""http://amzn.com/030788743X"" target=""_blank"">http://amzn.com/030788743X</a> <br /> <br /> Follow Kate on Twitter: <a rel=""nofollow"" href=""http://twitter.com/SheGeekShow"" target=""_blank"">http://twitter.com/SheGeekShow</a> <br /> and Facebook: <a rel=""nofollow"" href=""http://facebook.com/SheGeekShow"" target=""_blank"">http://facebook.com/SheGeekShow</a></p>","05/03/2011 10:00:02","<p><iframe src=""http://blip.tv/play/hrc7grisQgA.html"" width=""640"" height=""392"" frameborder=""0""></iframe><embed style=""display: none;"" type=""application/x-shockwave-flash"" src=""http://a.blip.tv/api.swf#hrc7grisQgA""></embed></p>","<p><iframe src=""http://blip.tv/play/hrc7grisQgA.html"" width=""640"" height=""392"" frameborder=""0""></iframe><embed style=""display: none;"" type=""application/x-shockwave-flash"" src=""http://a.blip.tv/api.swf#hrc7grisQgA""></embed></p>","0","0","0","0","she, geek, show, pop, galaxy, wowio, sony, playstation, network, soe, ernie, cline, fanboys, star, wars, ready, player, one, video, games, nerd, portal, song, kate, girl, gamer","she-geek-show-psn-still-down","thumbs/5-3-thumb-PG.jpg","4:54","","Pop Galaxy"
"46","1","0","1","She Geek Show: One Week Till LA Noire","She Geek Show: One Week Till LA Noire","","","<p>Pop Galaxy presents... the She Geek Show<br /><br />Countdown at 7 days till LA Noire is upon us. Kate gives us a recap of the goodies Rockstar has dreamed up in anticipation of the game. She also defends Bioware a little bit and brags about meeting a hero. All in a week's work, friends.<br /><br />Rockstar's noir fiction series:&nbsp;<a rel=""nofollow"" href=""http://tinyurl.com/3htw8p8"" target=""_blank"">http://tinyurl.com/3htw8p8</a>&nbsp;<br /><br />1947 LA Crime Map:&nbsp;<a rel=""nofollow"" href=""http://tinyurl.com/3dmnn6w"" target=""_blank"">http://tinyurl.com/3dmnn6w</a>&nbsp;<br /><br />Kate on Twitter:&nbsp;<a rel=""nofollow"" href=""http://twitter.com/shegeekshow"" target=""_blank"">http://twitter.com/shegeekshow</a>&nbsp;<br />and Facebook:&nbsp;<a rel=""nofollow"" href=""http://twitter.com/shegeekshow"" target=""_blank"">http://twitter.com/shegeekshow</a>&nbsp;<br /><br />Make sure you check out Kate's recap of Portal 2 IRL on the Pop Galaxy blog:&nbsp;<a rel=""nofollow"" href=""../../../../blog"" target=""_blank"">http://popgalaxy.com/blog</a></p>","05/10/2011 11:44:08","<p><iframe src=""http://blip.tv/play/hrc7grqMHgA.html"" width=""640"" height=""392"" frameborder=""0""></iframe><embed style=""display: none;"" type=""application/x-shockwave-flash"" src=""http://a.blip.tv/api.swf#hrc7grqMHgA""></embed></p>","<p><iframe src=""http://blip.tv/play/hrc7grqMHgA.html"" width=""640"" height=""392"" frameborder=""0""></iframe><embed style=""display: none;"" type=""application/x-shockwave-flash"" src=""http://a.blip.tv/api.swf#hrc7grqMHgA""></embed></p>","0","0","0","0","she, geek, show, gaming, la, noire, bioware, old, republic, star, wars, tie, fighter, wing, rockstar, bondi, video, games, nerd, playstation, sony, pop galaxy, ","she-geek-show-one-week-till-la-noire","thumbs/5.10.11-pg-thumb.jpg","4:44","","Pop Galaxy"
"47","1","1","1","She Geek Show: LA NOIRE REVIEW!","She Geek Show: LA NOIRE REVIEW!","","","<p>Pop Galaxy presents... the She Geek Show</p>
<p>Kate goes over her two biggest concerns about LA Noire based on the trailers versus the actual game. &nbsp;</p>
<p>Are you buying LA Noire? Do you have it already? What do you think?&nbsp;</p>","05/18/2011 10:47:12","<p><iframe src=""http://blip.tv/play/hrc7gryMEQA.html"" width=""640"" height=""392"" frameborder=""0""></iframe><embed style=""display: none;"" type=""application/x-shockwave-flash"" src=""http://a.blip.tv/api.swf#hrc7gryMEQA""></embed></p>","<p><iframe src=""http://blip.tv/play/hrc7gryMEQA.html"" width=""640"" height=""392"" frameborder=""0""></iframe><embed style=""display: none;"" type=""application/x-shockwave-flash"" src=""http://a.blip.tv/api.swf#hrc7gryMEQA""></embed></p>","0","0","0","0","review, la, noire, video, games, shegeekshow, ps3, xbox, gaming, playstation, bondi, rockstar, gameplay, sony, xbox360, pop, galaxy, popgalaxy, she, geek, show, shegeekshow","she-geek-show-la-noire-review","thumbs/5.17.11-pg-thumb.jpg","5:45","","Pop Galaxy"
